Job title,Salary,Date,Company Location,Company Name
Freelance Designer (standing),$40 - $60 an hour,30+ days ago,,Seer Interactive
Interior Design / Social Media Coordinator ,$20 an hour,Today,Remote,LAD Interior Design
Graphic Designer,$25 an hour,1 day ago,,Qcentrio
Designer/Illustrator (Remote),,30+ days ago,Remote,Brafton
TikTok & Reels Content Creator,$20 - $25 an hour,30+ days ago,"Remote in Long Beach, CA 90802",Margaux Agency
Graphic Designer,"$10,000 a month",30+ days ago,"Adobe, AZ",OXO Solutions
Remote Graphic Design Specialist,,8 days ago,,Gallagher
Graphic Design Specialist,"$56,000 - $59,000 a year",30+ days ago,Remote,360insights
Design Assistant,,30+ days ago,,Extell Development Company
Design Fellowship,,12 days ago,"New York, NY",Elmwood
Graphic Designer,"From $55,000 a year",6 days ago,Remote,Health Advocate
Design Assistant Boys Apparel,,4 days ago,"Secaucus, NJ 07094",The Children's Place
Junior Graphic Designer,,30+ days ago,Remote,Magnetic Creative
Temporary Graphic Designer,,14 days ago,Remote,Jane.com
eLearning Design Specialist - Remote,"$69,883 a year",2 days ago,Remote,HTLF
"Supervisor, Warehouse","$60,000 - $75,000 a year",30+ days ago,"Windom, MN",The Toro Company
Operations Manager,"$85,000 - $115,000 a year",30+ days ago,Remote,Community Tech Alliance
Customer Operations Specialist,"$50,000 - $56,000 a year",30+ days ago,,Pathrise
"Operations Associate - Logistics (Part-time, Days)",$24 an hour,30+ days ago,"Remote in New York, NY",Sharebite
"Labor Specialist, Retail Operations",,7 days ago,Remote,Levi Strauss & Co.
HR and Operations Associate,"$41,200 - $60,000 a year",30+ days ago,Remote,Mothers Out Front
Operations Analyst,"Up to $60,000 a year",30+ days ago,"Remote in San Francisco, CA 94104",Invisible Technologies
"Program Manager, Partner Operations","Up to $129,800 a year",30+ days ago,,"PillPack, LLC"
Analyst - Customer Operations,,30+ days ago,,Levi Strauss & Co.
Senior Special Operations Manager,"$101,000 a year",6 days ago,,Lime
Chief of Staff - Technology Operations,"$180,000 - $275,000 a year",4 days ago,Remote,Piper Companies
Recruiting Operations Coordinator (Contract),,4 days ago,"Remote in San Francisco, CA 94103",Pinterest
"Food Safety Manager, Design, Operations Food Safety Team","$74,200 - $129,800 a year",7 days ago,Remote,Amazon.com Services LLC
People Operations Coordinator,,30+ days ago,Remote,Tetrate
Operations Manager,,1 day ago,,American Express Global Business Travel
Voice actor,,30+ days ago,"Remote in Bellingham, WA 98225",Player One Trailers
STORYBOARD ARTIST,,30+ days ago,"Remote in Bellingham, WA 98225",Player One Trailers
Technical Content Creator,"$100,000 a year",30+ days ago,"Remote in Scottsdale, AZ 85251",Files.com
Technical Support Engineer - Skillbridge (Remote),"$73,358 - $110,036 a year",25 days ago,,CrowdStrike
Reduced-Hours Front-End Engineer,"$143,700 - $194,400 a year",30+ days ago,,Amazon.com Services LLC
Data Entry Clerk II - Remote,$20.24 - $26.98 an hour,Today,Remote in Washington State,Stryker
MUSIC COMPOSER,,30+ days ago,"Remote in Bellingham, WA 98225",Player One Trailers
Fitness Instructor (Virtual),,6 days ago,Remote,Bundle Benefits
Technical Writer,,15 days ago,Remote,Dignari
Software Development (All Levels),,30+ days ago,Remote,Insurity
CONCEPT ARTIST,,30+ days ago,"Remote in Bellingham, WA 98225",Player One Trailers
Customer Success Engineer,"$100,000 a year",30+ days ago,,Files.com
"Junior Technical Support, Python (Remote)",,30+ days ago,Remote,INTEL 471
Claims Customer Care Associate,"$40,000 - $46,950 a year",Today,Remote,Liberty Mutual Insurance
Technical Support Engineer.P2.,,7 days ago,Remote in Georgia,Poly
Customer Service Representative,$12 an hour,Posted 7 days ago,,Indeed Flex
Data Entry Keyers,$10 - $15 an hour,Posted 30+ days ago,,In Depth Solutions
"REMOTE: Customer Care Associate - 3rd Shift (Sun-Thurs, 12am...",$24.20 an hour,Posted 28 days ago,Remote,The Meet Group
Customer Service Representative - Remote,,Posted 1 day ago,,UnitedHealthcare
House Cleaner (Full Time),"Up to $1,335 a week",Posted 1 day ago,,High Tide Cleaning
Game Tester,,Posted 5 days ago,,Lionbridge Technologies
ELECTRICIAN HELPER,"$4,105 a month",Posted 10 days ago,,State of Hawaii
Customer Service Work From Home,$16 an hour,Posted 2 days ago,,"Marriott International, Inc"
Small Parcel Delivery,"$36,400 a year",Posted 1 day ago,,Amazon DSP
Customer Service Representative,$14 - $17 an hour,,,Sitel
Scout,,Posted 28 days ago,"El Segundo, CA 90245",Los Angeles Lakers
Outdoor Education Coordinator (Interim),"$75,000 - $90,000 a year",Posted 29 days ago,"Aspen, CO 81611",Aspen School District
Claims Customer Care Associate,"$40,000 - $46,950 a year",Today,Remote,Liberty Mutual Insurance
Warehouse Worker - Store,$18 an hour,Posted 20 days ago,,RC Willey
Customer Service - Call Center,$18 an hour,Posted 6 days ago,,RC Willey
Remote Sales Representative,$15 - $25 an hour,Posted 1 day ago,,Weed Man USA
Reservations Sales Agent - Remote,$20 an hour,Posted 30+ days ago,,"Marriott International, Inc"
Live Sales Chat Representative - Remote Optional,$18 an hour,Posted 13 days ago,Remote in Wisconsin,"Delta Defense, LLC"
Customer Service - Call Center,$18 an hour,Posted 6 days ago,,RC Willey
Sales/Designer,"$2,000 - $4,000 a month",Posted 30+ days ago,,Closets by Design
Sustainability Business Development Strategy Analyst,,Posted 7 days ago,"Remote in Renton, WA",BOEING
Sales/Designer,"$3,000 - $5,000 a month",Posted 30+ days ago,,Closet World
Sales Associate-Furniture Clearance,$15.50 an hour,Today,,RC Willey
"Manager, Launchpad Sales",,Posted 30+ days ago,,Anheuser-Busch
Sales Strategist,"$80,000 - $100,000 a year",Posted 15 days ago,Remote,Happied
Sales Support Admin - Remote (2022-4194),,Posted 12 days ago,,"Cox Enterprises, Inc."
Sales & Reservations Agent (Part Time),$17 - $20 an hour,Posted 21 days ago,,U-Haul
Sr sales rep,,Posted 12 days ago,Remote,3M
Consulting Services Sales Acct Manager,"$219,500 - $285,000 a year",Posted 30+ days ago,,Adobe
Corporate Sales Coordinator (Remote),$84.36 - $126.54 a day,Posted 15 days ago,Remote,CrowdStrike
Marketing Coordinator,$13 - $17 an hour,Today,Remote,The Elevate Effect
"REMOTE: Customer Care Associate - 3rd Shift (Sun-Thurs, 12am...",$24.20 an hour,28 days ago,,The Meet Group
Marketing Coordinator,,13 days ago,"Remote in Bloomington, MN 55431",Midwest Dental
Freelance SEO Content Brief Creator,From $20 an hour,,Remote,Compose.ly
Freelance Content Writer,$45 - $50 an hour,,Remote,ShoutVox
"Social Media Marketing Manager, Private Brands","$109,100 - $160,000 a year",29 days ago,,Amazon.com Services LLC
Digital Marketing Specialist,"$5,200 a month",Active 4 days ago,,university of washington
Marketing Mentor (Part-time),$30 - $55 an hour,30+ days ago,Remote,Pathrise
Facebook Ad Scientist,"$1,000 - $5,000 a month",1 day ago,Remote,Elevate Her Marketing
TikTok & Reels Content Creator,$20 - $25 an hour,30+ days ago,"Remote in Long Beach, CA 90802",Margaux Agency
Social Media Marketing Manager,,26 days ago,Remote,CareRev
Marketing Associate,$21.46 - $36.22 an hour,26 days ago,Remote,CodeCombat
Marketing Associate,$20 an hour,30+ days ago,Remote,Claire Bahn Group
"Global Head of Social Media & Influencer Marketing, TIDAL",,4 days ago,,TIDAL
Facebook Ad Manager,"$40,000 - $50,000 a year",30+ days ago,Remote,JW Agency
Entry Level Business Analyst,$30 an hour,30+ days ago,,Agama Solutions
Facebook Ad Manager,"$40,000 - $50,000 a year",30+ days ago,Remote,JW Agency
Job No. 515673 Groundsworker,"$3,155 - $4,950 a month",1 day ago,,California State University
Color & Retouching Operator,,1 day ago,"Remote in San Francisco, CA 94107",SGK
Creative Project Manager,"$90,000 a year",9 days ago,Remote,Authentic Campaigns
Billing Analyst,"$65,000 a year",28 days ago,Remote,Positive Development
Data Reporting Analyst,,6 days ago,,Magellan Health
Cleaner,$17.30 an hour,15 days ago,,us issworld
SQL Deverloper - ETL and Reporting,"$90,000 a year",6 days ago,Remote,Piper Companies
NMB658Bookseller,,18 days ago,United States,Books-A-Million
Trademark Customer Experience Specialist,"$81,216 - $138,868 a year",9 days ago,Remote,US Patent and Trademark Office
Supervisor - Reporting,,30+ days ago,,Maximus Inc
"Supervisor, Warehouse","$60,000 - $75,000 a year",30+ days ago,"Windom, MN",The Toro Company
Director of Spiritual Formation and Care,"$80,000 a year",13 days ago,Remote,World Relief
QA Manual tester,,30+ days ago,,Nuvento systems
"Project Manager, Compliance - California Division","$75,000 - $80,000 a year",Posted 8 days ago,,Greystar Real Estate Partners LLC
Compliance Analyst (Fully Remote Option),"$63,000 - $70,000 a year",Posted 16 days ago,"Remote in Denver, CO 80202",SRS Acquiom Holdings LLC
Product Compliance Analyst - Remote U.S.,,Posted 19 days ago,"Remote in San Francisco Bay Area, CA",Zazzle
Compliance Analyst (Fully Remote Option),"$63,000 - $70,000 a year",Active 14 days ago,,SRS Acquiom
Compliance Analyst Remote,,Posted 1 day ago,"Remote in Carrollton, TX",Qcentrio
Compliance Analyst - Workplace Solutions,"From $49,400 a year",Posted 6 days ago,Remote,Mutual of Omaha
Compliance Analyst,,Posted 11 days ago,Remote in United States,Public Consulting Group
Compliance Analyst - Remote (USA),,Posted 7 days ago,,ENEL
Compliance Officer,"$70,000 - $85,000 a year",Active 7 days ago,Remote,Dominion Financial Services
Compliance Analyst 3 : 22-03396,,Posted 14 days ago,,Akraya Inc.
Compliance Officer,,Posted 19 days ago,Remote,loanDepot
Compliance Manager,,Today,,"Amazon Payments, Inc."
Compliance Analyst (Remote),,Posted 30+ days ago,Remote,Devoted Health
Compliance and Security Officer,"$120,000 - $160,000 a year",Active 9 days ago,Remote,Marigold Health
Compliance Specialist | Work @ Home (Remote - any major metr...,,Posted 4 days ago,"Remote in Austin, TX 78701",Rainey Property Management
Student Success Advisor,,14 days ago,,Walden University
"Analyst, Corporate Strategy","$78,000 - $130,000 a year",30+ days ago,Remote,Yelp
Strategy Mangaer,$104 a day,4 days ago,"New York, NY",Anheuser-Busch
Sustainability Customer Collaboration Strategy Analyst,,7 days ago,"Remote in Renton, WA",BOEING
Corporate Strategy Associate - Remote,"$75,000 - $125,500 a year",30+ days ago,Remote,Nordstrom
Sustainability Business Development Strategy Analyst,,7 days ago,"Remote in Renton, WA",BOEING
"Analyst, Global Creative Strategy & Research",,13 days ago,,"Sony Pictures Entertainment, Inc."
Children's Storyteller / Script Writer,,30+ days ago,,Mystery.org
Chief of Strategy & Learning,"$131,852 - $224,148 a year",30+ days ago,Remote,Leading Educators
Strategy Analyst,,8 days ago,"New York, NY 10036",Paramount
"Strategy and Operations Program Manager, Partner Incentives",,Today,,Google
Graphic Designer,"From $55,000 a year",6 days ago,Remote,Health Advocate
"Associate, Business Operations and Strategy",,27 days ago,,Google
Associate Project Manager - Tech Supply Chain (Remote),"$60,000 - $130,000 a year",Today,"Remote in Atlanta, GA 30301",Home Depot / THD
"Chief of Staff, Policy and Evaluation Practice","$140,000 a year",8 days ago,,Bellwether Education Partners
Language Research Project - Persian,$20 an hour,Posted 19 days ago,,TELUS International
Research Program Assistant-Climate Tech,"$1,500 - $2,000 a month",Posted 26 days ago,Remote,Open Earth Foundation
Research Assistant,"$50,000 - $65,000 a year",Active 19 days ago,"Remote in Denver, CO 80203",Unite America
Video Research Associate (Project Based),,Posted 30+ days ago,"Remote in Los Angeles, CA","Employment Opportunities at BuzzFeed, Inc."
IT Liaison - Research - Remote,$22.24 - $31.67 an hour,Posted 1 day ago,"Remote in Rochester, MN",Mayo Clinic
Postdoctoral Scholar - Materials Research Institute,,Posted 11 days ago,,Penn State University
Research Technician Associate,,Posted 5 days ago,,California Institute of Technology
Research Scientist,,Today,Remote,The College Board
Clinical Research Associate,"$80,000 - $120,000 a year",Posted 4 days ago,,Piper Companies
Research Associates,$20 an hour,Posted 30+ days ago,"Remote in Cambridge, MA 02138",Committee on Capital Markets Regulation
Research Associate,"$5,652 - $7,079 a month",Posted 4 days ago,,California Public Employees' Retirement System...
Research Fellow,,Posted 1 day ago,,Mayo Clinic
Research Scientist,"$55,000 - $90,400 a year",Today,,University of Utah
"Survey Research Scientist, People Experience and Technology","$159,200 - $215,300 a year",Posted 30+ days ago,,Amazon.com Services LLC
"Chief of Staff, Policy and Evaluation Practice","$140,000 a year",Posted 8 days ago,,Bellwether Education Partners
Data Entry Keyers,$10 - $15 an hour,Posted 30+ days ago,,In Depth Solutions
Analytical Chemist,"$70,000 - $96,000 a year",Posted 26 days ago,"Littleton, CO 80127",Johns Manville
Analytical Pharmaceutical Scientist,,Posted 1 day ago,,Civica Rx
Talented Designer,$300 a day,Posted 30+ days ago,"Remote in Chicago, IL",Ensis Technologies
Customer Contact Center Associate,"$5,383 - $6,739 a month",Posted 7 days ago,,California Public Employees' Retirement System...
Data Entry Operator,,Posted 1 day ago,,Change Healthcare
Analytical Scientist II,,Posted 4 days ago,,BioCryst Pharmaceuticals Inc
Customer Contact Center Analyst,"$3,448 - $5,604 a month",Posted 14 days ago,"Remote in Sacramento, CA 95811",California Public Employees' Retirement System...
Data Entry Clerk,,Posted 15 days ago,,"A. Duie Pyle, Inc"
Claim Specialist - Work From Home,$24.45 - $28.00 an hour,Posted 30 days ago,,State Farm
Customer Service Representative - Work from Home,,Posted 30+ days ago,Remote,Everise
Junior Business Analyst (Remote until Covid),$30 - $35 an hour,Posted 30+ days ago,,Agama Solutions
"Scientist, Analytical Chemistry",,Posted 4 days ago,"Princeton, NJ 08536",Firmenich
Criminalist IA,"$51,862 a year",Posted 30+ days ago,"Manhattan, NY",NYC Careers
Billing Analyst,"$65,000 a year",Posted 28 days ago,Remote,Positive Development
Mechanical Engineer (all levels),"$60,943 - $127,586 a year",,"Gardena, CA 90248",Motivo Engineering
Mechanical/Civil Engineering Co-op,,4 days ago,Remote,FedEx Ground
Engineering Technician – Remote,,30+ days ago,,McClure Engineering Company
Engineering Co-op - Fall,,5 days ago,,FedEx Ground
Entry-Level Mechanical Engineer - Summer or Fall 2022,,6 days ago,,Jacobs
Mechanical Design and System Engineers - PA & MD Nuclear Pla...,,30+ days ago,,Constellation
Fall 2022 Manufacturing Engineering Co-Op,,Just posted,,Electrolux
Engineering Manager,,30+ days ago,Remote,Talkiatry
Mechanical Engineering Graduate,,30+ days ago,,Syska Hennessy Group
Junior Mechanical Engineer,,30+ days ago,,Trex Enterprises Corporation
CIVIL ENGINEERING ASSISTANT,"$76,238 - $92,175 a year",30+ days ago,,Los Angeles County Department of Human Resources
Junior/Graduate Geo-Environmental Consultant,,25 days ago,Remote,RSK Group
ENGINEERING MANAGER,,Just posted,"Encinitas, CA 92024",Alila Marea
Electrical Engineering Manager,,Just posted,,Baker Group
Engineering Manager (Onboarding and Migrations),"$130,000 - $195,000 a year",Today,,Agile IT
Customer Service Representative,$13.50 an hour,Posted 7 days ago,,Indeed Flex
House Cleaner (Full Time),"Up to $1,335 a week",Posted 1 day ago,,High Tide Cleaning
WAREHOUSE WORKER,"$3,120 - $4,806 a month",Posted 26 days ago,,California State University
Customer Contact Center Associate,"$5,383 - $6,739 a month",Posted 7 days ago,,California Public Employees' Retirement System...
Customer Service Work from Home,$18 an hour,Posted 6 days ago,"Remote in Feasterville-Trevose, PA 19053",alphabroder
Game Tester,,Posted 5 days ago,,Lionbridge Technologies
Telephone Interviewer (remote),$12.75 an hour,Posted 30+ days ago,,Gallup
Customer Service Work From Home,$16 an hour,Posted 2 days ago,,"Marriott International, Inc"
Customer Contact Center Analyst,"$3,448 - $5,604 a month",Posted 14 days ago,"Remote in Sacramento, CA 95811",California Public Employees' Retirement System...
Tortilla Thrower,,Posted 30+ days ago,"Florence, SC 29506","Ruiz Food Products, Inc."
Customer Care Reps - Work from Home,$18 an hour,Posted 4 days ago,,BMC HealthNet Plan
General Labor,$20 an hour,Posted 30+ days ago,,Leprino Foods
WAREHOUSE-MATERIAL HANDLER-ORDERS RP,$17 - $18 an hour,Posted 28 days ago,,Orgill
Road Production Assistant,,Posted 30+ days ago,Remote,WWE
Customer Service Representative - Remote,,Posted 1 day ago,,UnitedHealthcare
Budget Officer (1st application review deadline 5/19/22),"$155,387 - $188,874 a year",Posted 30+ days ago,"Solano County, CA",County of Solano
International Consultant - Gender Responsive and Disability...,,Posted 1 day ago,Remote,United Nations Development Programme (UNDP)
Budget Fellow,"$6,358 a month",Posted 6 days ago,,Washington State Senate
Finance Manager - Facebook App,,Posted 6 days ago,,Facebook App
University Budget Officer (Executive),,Today,"University Park, FL",Penn State University
Budget Officer II,"$47,426 - $59,281 a year",Today,"Hinds County, MS",Mississippi State Personnel Board
PROJECT & BUDGET COORDINATOR (REMOTE),,Posted 11 days ago,"Remote in Wilmington, NC 28401",PPD
Controller,"$65,253 - $146,325 a year",Active 14 days ago,Remote,Ygrene
Budget Analyst,"$89,834 a year",Posted 20 days ago,"Washington, DC",Administrative Office of the U.S. Courts
Budget Analyst,"$126,233 - $164,102 a year",Posted 2 days ago,"Washington, DC",US Assistant Secretary for Fair Housing and Equal...
"Manager, G&A FP&A",,Posted 7 days ago,,Relativity
"Operations Manager, Production",,Posted 30+ days ago,Remote,Curriculum Associates
Budget Manager,"$60,000 - $70,000 a year",Posted 11 days ago,"Miami, FL 33199",Florida International University
Associate Finance Director - REMOTE,"$148,000 - $180,000 a year",Posted 30+ days ago,,Zimmer Biomet
Budget and Policy Manager,,Posted 12 days ago,"Atlanta, GA","City of Atlanta, GA"
Finance Analyst II - Remote,"$64,064 - $86,507 a year",Posted 1 day ago,,Mayo Clinic
"Analyst, Finance",,Posted 19 days ago,"Remote in San Francisco, CA 94105",Gap
Associate Analyst Finance & Accounting,,Posted 21 days ago,Remote,Maximus Inc
Student Finance Analyst I,,Posted 27 days ago,,Adtalem Global Education
Finance Associate,,Posted 20 days ago,Remote,Pinterest
Public Finance Summer Analyst Program - 2023,,Posted 30+ days ago,,Bank of America
"Analyst, National Finance Planning & Analysis","$67,000 - $83,000 a year",Posted 30+ days ago,"Remote in Denver, CO 80202",Strive Health
Finance Manager - Facebook App,,Posted 6 days ago,,Facebook App
Finance Analyst,,Posted 11 days ago,,EAB
Finance and Operations Analyst,"$70,000 - $85,000 a year",Posted 30+ days ago,,Maverick Real Estate Partners LLC
Logistics Finance Analyst,,Posted 30+ days ago,,Tesla
Finance Operations Analyst,"$76,469 a year",Posted 12 days ago,,ACLU
"Finance Manager, Global Sustainability",,Today,,Nike
Director of Finance,"$132,000 - $162,000 a year",Posted 11 days ago,"Remote in Denver, CO 80202",Strive Health
Finance and Accounting NABA 2022,,Posted 1 day ago,,Microsoft
Associate Project Manager - Tech Supply Chain (Remote),"$60,000 - $130,000 a year",Today,"Remote in Atlanta, GA 30301",Home Depot / THD
Creative Project Manager (Project Based),,14 days ago,"Remote in Los Angeles, CA","Employment Opportunities at BuzzFeed, Inc."
Creative Project Manager,"$90,000 a year",9 days ago,Remote,Authentic Campaigns
IT Project Manager (Contract),,3 days ago,Remote,Pinterest
"Project Manager, Field Events (Remote)",,Today,"Remote in San Francisco, CA 94105",Old Navy
Associate Project Manager - Disney+,,30+ days ago,"New York, NY",Disney Streaming
Project/Program Manager II (Contingent),,13 days ago,,Amazon
Program Management Officer,"$117,692 - $152,998 a year",Just posted,"Atlanta, GA 30333",Centers for Disease Control and Prevention
Associate Project Manager - Strategy - Remote,"$69,160 - $96,845 a year",5 days ago,"Remote in Rochester, MN",Mayo Clinic
"Prep and Response PM, Amazon Care","$74,200 - $129,800 a year",5 days ago,United States,Amazon.com Services LLC
Assistant Project Manager (Healthcare),,30+ days ago,Remote,"Professional Research Consultants, Inc"
Remote Banking Project Manager,$47 - $52 an hour,5 days ago,,Piper Companies
Program Manager 2 - Remote,,25 days ago,,Nordstrom Inc
Project Manager (100% REMOTE),,1 day ago,"Remote in Chicago, IL 60657",QualSights
Project/Program Manager I (Contingent),,19 days ago,,Amazon
Care Coordinator - UM,$17 an hour,Posted 14 days ago,Remote,CareCentrix
Intake Coordinator,,Posted 8 days ago,,"Ventra Health, Inc."
Precertification and Authorization Rep I - Remote,$22.99 - $31.05 an hour,Posted 4 days ago,"Remote in Rochester, MN",Mayo Clinic
Dental Care Coordinator - Remote,,Today,,UnitedHealthcare
"Community Health Worker, Office of Patient Access (OPA)",$20 an hour,Posted 30+ days ago,,Heluna Health
Patient Experience Rep (Remote Monday-Friday 7:00 am-3:30pm),,Posted 21 days ago,,Boston Children's Hospital
Clinical Administrative Coordinator - Work From Home,,Today,,UnitedHealthcare
Health Outcomes Research Consultant,"From $80,000 a year",Posted 8 days ago,Remote,Health Advocate
Billing Specialist- FULLY REMOTE - Full time (100%-40 hours...,,Posted 19 days ago,,Adena Health System
"Patient Financial Advisor, Scheduling - REMOTE",,Posted 27 days ago,,Adventist HealthCare
Surgery Schedulers- REMOTE,$21.36 - $23.34 an hour,Posted 1 day ago,,University of Colorado Medicine
Patient Escort - Full Time - Days,,Posted 18 days ago,,NewYork-Presbyterian Hospital
Provider Enrollment Specialist,,Posted 11 days ago,Remote,TruBridge
Billing Analyst,"$65,000 a year",Posted 28 days ago,Remote,Positive Development
"Scheduler, Home Health - Work From Home",,Posted 30+ days ago,,Sutter Health
Customer Service Representative,$12 an hour,Posted 7 days ago,,Indeed Flex
Customer Service - Call Center,$18 an hour,Posted 6 days ago,,RC Willey
Customer Service Representative - Part Time - 19.64/HR,$19.64 - $33.30 an hour,Posted 30+ days ago,,United Airlines Inc.
"REMOTE: Customer Care Associate - 3rd Shift (Sun-Thurs, 12am...",$24.20 an hour,Posted 28 days ago,Remote,The Meet Group
Customer Service Representative,$14 - $17 an hour,,,Sitel
Customer Service - Phone Representative,$18.25 an hour,Posted 4 days ago,,RC Willey
Claims Customer Care Associate,"$40,000 - $46,950 a year",Today,Remote,Liberty Mutual Insurance
Work@Home Customer Service Agent,,Posted 30+ days ago,,HGS
Part-Time Customer Service Based Phone/Chat Agent,$18.50 an hour,Posted 5 days ago,"Oklahoma City, OK",Costco Wholesale Member Service Center
Customer Service Representative,$19.75 an hour,Posted 1 day ago,,DHL
Customer Service Representative - Remote,,Posted 1 day ago,,UnitedHealthcare
"AWS Technical Customer Service Associate-Social Media, Suppo...","$35,000 - $61,300 a year",Posted 13 days ago,,"Amazon Web Services, Inc."
Customer Service Agent - Los Angeles,$17 an hour,Posted 5 days ago,,Hawaiian Airlines
Customer Service Work from Home,$18 an hour,Posted 6 days ago,"Remote in Feasterville-Trevose, PA 19053",alphabroder
Customer Contact Center Associate,"$5,383 - $6,739 a month",Posted 7 days ago,,California Public Employees' Retirement System...
Customer Service Representative,$13.50 an hour,Posted 7 days ago,"Lewisville, TX 75067",Indeed Flex
Machine Operator,$16 an hour,Posted 11 days ago,"La Vergne, TN 37086",Indeed Flex
Job No. 515673 Groundsworker,"$3,155 - $4,950 a month",Posted 1 day ago,,California State University
"Seasonal HR Contact Center Associate - Work from Home, ERC D...",$18 an hour,Posted 11 days ago,Remote in United States,Amazon.com Services LLC
Scheduling Clerk,$21 - $24 an hour,Posted 19 days ago,"Remote in Phoenix, AZ",ABB
Customer Support Engineer,"$100,000 a year",Posted 30+ days ago,Remote,Files.com
Technical Content Creator,"$100,000 a year",Posted 30+ days ago,"Remote in Scottsdale, AZ 85251",Files.com
Resume Writer (part or full time),"$1,500 - $3,000 a month",Posted 6 days ago,Remote,TopStack Resume
Graphic Designer,"From $55,000 a year",Posted 6 days ago,Remote,Health Advocate
Documentation Rep,,Posted 30+ days ago,"Clearwater, FL 33762",CCS Medical
Consulting Director- Clinical Documentation Improvement,"$117,600 - $175,050 a year",Posted 30+ days ago,Remote,"Vizient, Inc."
Document Scanners,$13 an hour,Posted 30+ days ago,,Iron Mountain
PHARMA CLEANER,$22.25 an hour,Posted 12 days ago,,us issworld
Warehouse Specialist,$26.38 an hour,Posted 4 days ago,"Lititz, PA",Johnson & Johnson
Claims Associate (Remote),,Posted 30+ days ago,"Remote in New York, NY 10012",Garner Health
Freelance SEO Content Brief Creator,From $20 an hour,,Remote,Compose.ly
Freelance Content Writer,$45 - $50 an hour,,Remote,ShoutVox
Freelance Writer,"From $7,000 a month",,,Compose.ly
"REMOTE: Customer Care Associate - 3rd Shift (Sun-Thurs, 12am...",$24.20 an hour,Posted 28 days ago,,The Meet Group
TikTok & Reels Content Creator,$20 - $25 an hour,Posted 30+ days ago,"Remote in Long Beach, CA 90802",Margaux Agency
Content Safety Moderation Specialist (PHOENIX),,Posted 30+ days ago,"Phoenix, AZ",TikTok
Content Associate,"$45,000 - $50,000 a year",Posted 11 days ago,Remote,Thunderfoot
Content Creator - IG & TikTok (Contract),,Posted 27 days ago,"Remote in New York, NY",Kinship
"Assistant Editor (Temp-to-Hire), Content",,Posted 30+ days ago,"Los Angeles, CA 90036",WEBTOON Entertainment
Website & Digital Content Manager – Full time,,Just posted,,Dallas Arboretum
Content writers (contract),$25 - $50 an hour,Posted 30+ days ago,Remote in Arizona,Data Driven Marketers
Senior Help Center Content Strategist,,Posted 27 days ago,Remote,Pinterest
Graphic Designer,$25 an hour,Posted 2 days ago,,Qcentrio
SOcial media content creator,,Posted 25 days ago,Remote,Lamington Co.
Technical Content Creator,"$100,000 a year",Posted 30+ days ago,"Remote in Scottsdale, AZ 85251",Files.com
Restaurant Server,,Posted 4 days ago,"Walcott, IA 52773",Iowa 80 Truckstop
Graphic Designer,$25 an hour,Posted 2 days ago,,Qcentrio
Freelance: Foreign Language Content Contributor,,Posted 30+ days ago,Remote in United States,Transparent Language
Administrative Assistant (Remote Home-Based Worker),"$50,000 - $55,000 a year",Today,Remote,Allstate
Freelance Designer (PPT),,Posted 30+ days ago,Remote,Mix Talent LLC
Fitness Instructor (Virtual),,Posted 6 days ago,Remote,Bundle Benefits
FARMED ANIMALS CAMPAIGNER,$20 an hour,Today,Remote,In Defense of Animals
Entry Level Business Analyst,$30 an hour,Posted 30+ days ago,,Agama Solutions
Analytical Chemist,"$70,000 - $96,000 a year",Posted 26 days ago,"Littleton, CO 80127",Johns Manville
"Project Employee, Customer Support Operations",,Posted 7 days ago,,the NBA
Color & Retouching Operator,,Posted 1 day ago,"Remote in San Francisco, CA 94107",SGK
Marketing Coordinator,$13 - $17 an hour,Today,Remote,The Elevate Effect
Trainer,,Posted 15 days ago,Remote,Broadpath
Research Associate/Bibliographer (Part-time),$35 an hour,Posted 30+ days ago,"New York, NY",Greater New York Metropolitan Area Chapter
NYFF Production Coordinator,"$1,000 a week",Posted 30+ days ago,,FILM AT LINCOLN CENTER INC
Freelance SEO Content Brief Creator,From $20 an hour,,Remote,Compose.ly
"REMOTE: Customer Care Associate - 3rd Shift (Sun-Thurs, 12am...",$24.20 an hour,Posted 28 days ago,,The Meet Group
Freelance Designer (PPT),,Posted 30+ days ago,Remote,Mix Talent LLC
Administrative Assistant (Remote Home-Based Worker),"$50,000 - $55,000 a year",Today,Remote,Allstate
Customer Support Associate,$20 - $25 an hour,Posted 5 days ago,Remote,"Creatd, Inc."
Cartier Brand Ambassador - Open to Remote,,Posted 14 days ago,"Remote in Dallas, TX 75225",Cartier
Children's Storyteller / Script Writer,,Posted 30+ days ago,,Mystery.org
Designer (Brand),,Posted 30+ days ago,Remote,RoundGlass
Customer Service Work From Home,$16 an hour,Posted 2 days ago,,"Marriott International, Inc"
Customer Service Representative,$14 - $17 an hour,,,Sitel
Mystery Science Activity Designer,,Posted 19 days ago,Remote,Mystery.org
Visual Designer,,Posted 8 days ago,,GOAT Group
TikTok & Reels Content Creator,$20 - $25 an hour,Posted 30+ days ago,"Remote in Long Beach, CA 90802",Margaux Agency
Email/Chat Specialist II - Remote,,Today,,Gap Inc.
Creative Director-Brand,"$110,386 - $166,317 a year",Posted 14 days ago,"Remote in Minneapolis-Saint Paul, MN",Mayo Clinic
Restaurant Server,,Posted 4 days ago,"Walcott, IA 52773",Iowa 80 Truckstop
Graphic Designer,$25 an hour,Posted 2 days ago,,Qcentrio
Freelance: Foreign Language Content Contributor,,Posted 30+ days ago,Remote in United States,Transparent Language
Administrative Assistant (Remote Home-Based Worker),"$50,000 - $55,000 a year",Today,Remote,Allstate
Freelance Designer (PPT),,Posted 30+ days ago,Remote,Mix Talent LLC
Fitness Instructor (Virtual),,Posted 6 days ago,Remote,Bundle Benefits
FARMED ANIMALS CAMPAIGNER,$20 an hour,Today,Remote,In Defense of Animals
Entry Level Business Analyst,$30 an hour,Posted 30+ days ago,,Agama Solutions
Analytical Chemist,"$70,000 - $96,000 a year",Posted 26 days ago,"Littleton, CO 80127",Johns Manville
"Project Employee, Customer Support Operations",,Posted 7 days ago,,the NBA
Color & Retouching Operator,,Posted 1 day ago,"Remote in San Francisco, CA 94107",SGK
Marketing Coordinator,$13 - $17 an hour,Today,Remote,The Elevate Effect
Trainer,,Posted 15 days ago,Remote,Broadpath
Research Associate/Bibliographer (Part-time),$35 an hour,Posted 30+ days ago,"New York, NY",Greater New York Metropolitan Area Chapter
NYFF Production Coordinator,"$1,000 a week",Posted 30+ days ago,,FILM AT LINCOLN CENTER INC
Quality and Safety Director (Remote),"$145,000 a year",30+ days ago,"Remote in San Antonio, TX 78232",us issworld
Safety Engineer,"$90,077 - $141,444 a year",11 days ago,"Remote in Rosamond, CA",AF Research Labs
Safety & Health Manager,"$110,300 a year",Just posted,"Reno, NV",NV Energy
Safety & PV Coordinator,,1 day ago,Remote,Syneos Health Clinical
Content Safety Moderation Specialist (PHOENIX),,30+ days ago,"Phoenix, AZ",TikTok
"Vice President, Environmental Heath and Safety",,2 days ago,"Los Angeles, CA 90038",Paramount Pictures
Safety Specialist (Remote),,21 days ago,,Parsons
Senior Program Manager Health and Safety,,Today,,The Coca-Cola Company
Safety and Pharmacovigilance Associate,,2 days ago,"Bethesda, MD 20817","Technical Resources International, Inc."
Metro-North Safety Engineer,$50 - $55 an hour,7 days ago,,Infinite Consulting Corp
"Manager, Health & Safety",,30+ days ago,Remote,Levi Strauss & Co.
Tech I - EHS,,1 day ago,,"Total Safety U.S., Inc."
Safety & Pharmacovigilance Submissions Specialist II,,9 days ago,,Syneos Health Clinical
"Director, Safety Surveillance Physician",,8 days ago,,Johnson & Johnson
Safety Specialist,"$80,000 - $90,000 a year",5 days ago,,"Encore Electric, Inc."
Online ESL Teacher,From $15 an hour,,,Accent Advisor
Warehouse Worker - Reno,$18 an hour,14 days ago,,RC Willey
Resume Writer (part or full time),"$1,500 - $3,000 a month",6 days ago,Remote,TopStack Resume
Third Shift Remote Call Center Representative - $16.00 - $17...,$16 - $17 an hour,1 day ago,,"Valued Relationships, Inc."
"Supervisor, Warehouse","$60,000 - $75,000 a year",30+ days ago,"Windom, MN",The Toro Company
Customer Service Representative - Remote,,1 day ago,,UnitedHealthcare
Data Entry Clerk II - Remote,$20.24 - $26.98 an hour,Today,Remote in Washington State,Stryker
Sales/Designer,"$2,000 - $4,000 a month",30+ days ago,,Closets by Design
Sales/Designer,"$3,000 - $5,000 a month",30+ days ago,,Closet World
Statewide Intake Worker,"$3,160 - $4,337 a month",15 days ago,"Remote in Austin, TX 78754",Dept of Family & Protectve Svc
Customer service 2nd and Overnight shift,,27 days ago,,Sitel
Cardiac Technician,,20 days ago,Remote,IronRod Health
"WOMEN, INFANTS & CHILDREN","$3,721 a month",10 days ago,"Hilo, HI",State of Hawaii
Jr Scrum Master,$35 an hour,2 days ago,"Houston, TX",Qcentrio
Billing Verification Specialist - Remote - Work From Home,,1 day ago,,Healthe systems
GL Accountant,,Posted 16 days ago,Remote,Pinterest
"Project Employee, Accounting",,Posted 1 day ago,"Secaucus, NJ 07094",the NBA
Accounting Supervisor,"$8,224 - $10,006 a month",Posted 30+ days ago,"Kent, WA","City of Kent, WA"
Bookkeeper (Virtual Remote PART-TIME or FULL-TIME Accounting...,,Posted 13 days ago,,Supporting Strategies
Junior Accountant,,Posted 30+ days ago,Remote,Connext Global Solutions
Accountant (remote - currently 100%),"$102,000 - $123,000 a year",Posted 30+ days ago,"Remote in San Francisco Bay Area, CA",Lawrence Berkeley National Laboratory
Payroll Representative - Remote,,Posted 7 days ago,"Remote in Milwaukee, WI",Children's Wisconsin
Accounting Assistant,$24 - $29 an hour,Posted 8 days ago,"West Des Moines, IA 50265",Electronic Technologies International
Senior GL Accountant,,Posted 30+ days ago,Remote,Pinterest
Associate Analyst Finance & Accounting,,Posted 21 days ago,,Maximus Inc
Accounting Processor,,Posted 30+ days ago,,"Odyssey Group Holdings, Inc."
"Accounting Specialist, Senior - Accounts Payable",$33.21 - $38.78 an hour,Posted 4 days ago,"Orange, CA 92868",Orange County Transportation Authority
Finance Analyst II - Remote,"$64,064 - $86,507 a year",Posted 1 day ago,,Mayo Clinic
Accounting Associate,,Posted 30+ days ago,,Connext Global Solutions
Junior Accountant,,Posted 30+ days ago,,NewYork-Presbyterian Hospital
Customer Contact Center Associate,"$5,383 - $6,739 a month",Posted 7 days ago,,California Public Employees' Retirement System...
Customer Contact Center Analyst,"$3,448 - $5,604 a month",Posted 14 days ago,"Remote in Sacramento, CA 95811",California Public Employees' Retirement System...
Tortilla Thrower,,Posted 30+ days ago,"Florence, SC 29506","Ruiz Food Products, Inc."
Road Production Assistant,,Posted 30+ days ago,Remote,WWE
Job No. 515673 Groundsworker,"$3,155 - $4,950 a month",Posted 1 day ago,,California State University
LEW Production Labor ODLP 1 1,$19 an hour,Posted 7 days ago,"Lemoore, CA 93245",Leprino Foods
Data Entry Operator,,Posted 1 day ago,,Change Healthcare
ELECTRICIAN HELPER,"$4,105 a month",Posted 10 days ago,,State of Hawaii
LABORER,"$3,120 - $5,048 a month",Posted 26 days ago,,California State University
Virtual Platinum Customer Care Professional,$20.00 - $21.69 an hour,Posted 14 days ago,,Amex
Data Entry Specialist,$17 an hour,Today,Remote,MultiPlan Inc.
General Labor,$19.75 an hour,Posted 21 days ago,"Fort Morgan, CO 80701",Leprino Foods
Machine Operator,$19 - $20 an hour,Posted 30+ days ago,,Cargill
ELECTRICIAN,"$5,742 - $7,414 a month",Posted 30+ days ago,,California State University
Flight Attendant,,Posted 12 days ago,,"Frontier Airlines, Inc"
Customer Service Representative - Bilingual required,$17 an hour,4 days ago,,Indeed Flex
"REMOTE: Customer Care Associate - 3rd Shift (Sun-Thurs, 12am...",$24.20 an hour,28 days ago,,The Meet Group
Virtual Platinum Customer Care Professional,$20.00 - $21.69 an hour,14 days ago,,Amex
Customer Service Representative - Work from Home,,30+ days ago,Remote,Everise
Vacation Home Housekeeping - $27/hr,$27 an hour,5 days ago,,Vacasa
Customer Service Work From Home Agent (Petalura),Up to $17 an hour,6 days ago,"Remote in Brunswick, ME 04011",SaviLinx
Entry Level Business Analyst,$30 - $35 an hour,30+ days ago,,Agama Solutions
Writer,$23 an hour,27 days ago,Remote in United States,Bold.org
Customer Service Representative 1,,Just posted,"Augusta, GA",Electrolux
Customer Experience Agent,$15.50 an hour,19 days ago,Remote,FlashParking
Content Marketing Remote,,2 days ago,Remote in United States,Qcentrio
Customer Service Teammate,,30+ days ago,,PayPal
Chat Stylist Advisor,,30+ days ago,,Amazon.com Services LLC
Trainer,,15 days ago,Remote,Broadpath
Afterhours Service Travel Consultant,,4 days ago,Remote,American Express Global Business Travel
Legal QA Associate,$25 an hour,Posted 30+ days ago,"Remote in El Segundo, CA 90245","Prodege, LLC"
Legal Administrative Assistant - 100% Remote,"$45,000 - $50,000 a year",Posted 30+ days ago,Remote,Virbela
"Administrative Assistant, Legal Department",,Posted 13 days ago,"Orlando, FL",The Walt Disney Company (Corporate)
Legal Operations Specialist,"From $100,000 a year",Posted 16 days ago,"Remote in San Francisco, CA",Axiom Talent Platform
Legal Employment & Labor Specialist,,Posted 30+ days ago,Remote,Maximus Inc
Legal Transcription,,Posted 30+ days ago,Remote,VIQ Solutions
"Legal Assistant, Amazon Studios",,Posted 12 days ago,,Amazon.com Services LLC
Legal Operations Specialist,"From $100,000 a year",Posted 30+ days ago,Remote,Axiom Law
"Head of Legal Operations, Trust and Safety",,Posted 27 days ago,Remote,Pinterest
Document Reviewer,$30 an hour,Posted 30+ days ago,,KLDiscovery
Court Clerk (Data Entry),"$40,000 a year",Posted 8 days ago,"Atlanta, GA","City of Atlanta, GA"
Special Situations Legal Analyst,,Posted 30+ days ago,,Reorg Research
Legal Services Specialist - Telecommute,,Posted 4 days ago,"Remote in Eden Prairie, MN 55346",Optum
"Document Review, Contract Analyst",$30 an hour,Posted 30+ days ago,Remote in Illinois,LexisNexis
"Legal Assistant, Business Affairs",,Posted 10 days ago,,Paramount Pictures
Career Mentor,"$50,000 - $60,000 a year",30+ days ago,Remote,Pathrise
Mystery Science Activity Designer,,19 days ago,Remote,Mystery.org
"Specialist, Education and Outreach",,30+ days ago,Remote in United States,The Nature Conservancy
"Specialist, Education & Community Engagement","$49,000 - $59,000 a year",30+ days ago,Remote,Farm Sanctuary
Telephone Interviewer (remote),$12.75 an hour,30+ days ago,,Gallup
"Executive Assistant, Prime Video & Studios HR","$74,200 - $129,800 a year",26 days ago,,Amazon.com Services LLC
Senior Content and Engagement Specialist,"$147,900 - $200,100 a year",30+ days ago,,"Amazon Web Services, Inc."
Care Coordinator - UM,$17 an hour,14 days ago,Remote,CareCentrix
Communication and Stakeholder Engagement Manager (Remote),"$125,000 - $130,000 a year",28 days ago,,Pinkerton
"Twitch, Discord, and Reddit Moderator",,30+ days ago,,Warner Music Group
Policy Specialist,,30+ days ago,Remote,Vivid Seats
Social Media Associate,"$60,000 - $65,000 a year",Today,Remote,Center for Science in the Public Interest
Trademark Customer Experience Specialist,"$81,216 - $138,868 a year",9 days ago,Remote,US Patent and Trademark Office
Program Manager - Performance and Engagement,"$108,000 - $135,000 a year",30+ days ago,,GoDaddy
Online Teaching Assistant and/or Tutor (Part-time),$15 - $20 an hour,30+ days ago,"Remote in Washington, DC",Coursello
MySQL Database Developer,$60 an hour,Posted 30+ days ago,"Remote in San Francisco, CA",Agama Solutions
Administrative Assistant (Remote Home-Based Worker),"$50,000 - $55,000 a year",Today,Remote,Allstate
Data Entry Specialist,$17 an hour,Today,Remote,MultiPlan Inc.
"Assistant Editor (Temp-to-Hire), Content",,Posted 30+ days ago,"Los Angeles, CA 90036",WEBTOON Entertainment
Part-time Wordpress Developer (Remote),,Posted 6 days ago,Remote,Northampton Community College
Data Control Specialist,,Posted 11 days ago,Remote,TruBridge
Data Entry Associate,,Posted 8 days ago,"Remote in Culver City, CA 90230",Advanced Medical Reviews
MS SQL Database Administrator,,Posted 30+ days ago,Remote,Powerfront
"Database Engineer , RDS Aurora PostgreSQL","$124,000 - $168,000 a year",Posted 12 days ago,,Amazon.com Services LLC
Education Administration Coordinator - Remote,$21.64 - $31.23 an hour,Posted 1 day ago,,Mayo Clinic
Clinical Methodologist,,Posted 28 days ago,,Blue Health Intelligence
Data Analyst,"$48,300 - $79,000 a year",Posted 4 days ago,,S&P Global
Partnerships Data Associate,"$56,650 - $62,046 a year",Posted 30+ days ago,Remote,Protect Democracy
Database Developer (SQL Server),,Posted 30+ days ago,Remote,Database Developer
Writer,$23 an hour,Posted 27 days ago,Remote in United States,Bold.org
(Junior / Senior) Data Scientist - Sports Analytics,"$75,000 - $150,000 a year",30+ days ago,"Remote in Austin, TX",Zelus Analytics
"Manager, Data Analytics",,12 days ago,Remote,Baldwin Risk Partners
Game Tester,,5 days ago,,Lionbridge Technologies
Director - Data Analytics - Education (Remote),"$139,817 - $209,747 a year",19 days ago,"Remote in Rochester, MN",Mayo Clinic
(Junior / Senior) Machine Learning (ML) Engineer - Sports An...,"$75,000 - $150,000 a year",30+ days ago,"Remote in Austin, TX",Zelus Analytics
"Vice President, Analytics & Insights","$200,000 - $240,000 a year",5 days ago,,Seer Interactive
Data Analytics Developer - 100% Remote,"$81,300 - $173,300 a year",5 days ago,Remote in Illinois,Stryker
Director - Data Visualization and Analytics,"$50,000 - $200,000 a year",30+ days ago,,S&P Global
Data Scientist,"$87,900 - $161,600 a year",7 days ago,,Liberty Mutual Insurance
HR Analytics – Data Scientist (Remote),"$97,016 - $145,524 a year",21 days ago,Remote,CrowdStrike
"Data Science, Product Analytics",,18 days ago,,Microsoft
Data Analyst (Remote),,19 days ago,"Remote in New York, NY 10120",Foot Locker
"Manager, Data Science, AWS People Analytics","$342,000 - $467,000 a year",8 days ago,,Amazon.com Services LLC
"Senior Data Analyst, Fulfillment Analytics",,30+ days ago,Remote,Lululemon
PROGRAM ANALYST,"$81,216 - $124,764 a year",9 days ago,,US Patent and Trademark Office
"Supervisor, Warehouse","$60,000 - $75,000 a year",Posted 30+ days ago,"Windom, MN",The Toro Company
Warehouse Worker - Store,$18 an hour,Posted 20 days ago,,RC Willey
WAREHOUSE WORKER,"$3,120 - $4,806 a month",Posted 26 days ago,,California State University
Warehouse Person (Loader),$17.90 an hour,Today,,PepsiCo Beverages North America
Warehouse Workers Part-time,$19.50 an hour,Posted 4 days ago,,FedEx Supply Chain
Warehouse Specialist,$26.38 an hour,Posted 4 days ago,"Lititz, PA",Johnson & Johnson
Yard Worker - $23-$27/Hour,$23 - $27 an hour,Posted 1 day ago,,The American Fence Company
Distribution Center Services - Recyle,,Today,,HEB
SIKES - Material Handler,$18 an hour,Posted 30+ days ago,,Orgill
Golden Brands Warehouse Worker,$20 an hour,Posted 4 days ago,,Reyes Beer Division
Harvest Picker,$17.41 an hour,Posted 29 days ago,"Medford, OR 97501",Harry & David
Warehouse Worker,$19 - $20 an hour,Posted 4 days ago,,Cargill
Warehouse Selector/Picker,$24 an hour,Posted 11 days ago,,The Anderson-Dubose Company
Warehouse Team Member,$19 an hour,Posted 30+ days ago,,UNITED PARCEL SERVICE
Warehouse Picker Packer,,Posted 4 days ago,Florida,Coke Florida
Resume Writer (part or full time),"$1,500 - $3,000 a month",6 days ago,Remote,TopStack Resume
Work@Home Customer Service Agent,,30+ days ago,,HGS
"All States, All Subjects, All Grades- State-Certified Teache...",$28 - $35 an hour,30+ days ago,Remote in United States,iTutor
Freelance Job of a Lifetime - Organize Coworking Trips/Worka...,"$1,000 - $2,000 a month",,Remote,JoinMyTrip
Delivery Driver (Local Route),"Up to $70,000 a year",11 days ago,,RC Willey
Director of Spiritual Formation and Care,"$80,000 a year",13 days ago,Remote,World Relief
Warehouse Worker - Store,$18 an hour,20 days ago,,RC Willey
Cashier Customer Service - Reno,$17 an hour,11 days ago,,RC Willey
Developer Educator,"$192,000 - $326,000 a year",30+ days ago,Remote,"Grammarly, Inc."
Customer Service - Call Center,$18 an hour,6 days ago,,RC Willey
Scrum Master,"$93,277 a year",6 days ago,,American AgCredit
Psychedelic Guide,,30+ days ago,,Mindbloom
Facebook Ad Manager,"$40,000 - $50,000 a year",30+ days ago,Remote,JW Agency
Incident Responder,$22 - $27 an hour,30+ days ago,,Young Life
Virtual Customer Care Professional,,12 days ago,,Amex
Industrial General Labor,$14 - $16 an hour,Posted 7 days ago,,Indeed Flex
Data Entry Operator,,Posted 1 day ago,,Change Healthcare
Game Tester,,Posted 5 days ago,,Lionbridge Technologies
Flight Attendant,,Posted 12 days ago,,"Frontier Airlines, Inc"
Junior QA Tester,,Posted 14 days ago,Remote,Kaizen Technologies
Facebook Ad Scientist,"$1,000 - $5,000 a month",Posted 1 day ago,Remote,Elevate Her Marketing
Temporary Covid 19 Coordinator,$17.50 an hour,Today,,Entertainment Partners
Clinical Methodologist,,Posted 28 days ago,,Blue Health Intelligence
Call Center Agent (Remote Work/Flexible Hours),$11 an hour,Posted 30+ days ago,,Louisiana State University
QA Manual tester,,Posted 30+ days ago,,Nuvento systems
ELECTRICIAN HELPER,"$4,105 a month",Posted 10 days ago,,State of Hawaii
QA Analyst,,Posted 13 days ago,Remote,HI-REZ STUDIOS
Covid 19 Testing Coordinator,,Posted 6 days ago,"Burbank, CA 91502",Entertainment Partners
Junior QA /Manual Tester,$30 - $35 an hour,Posted 27 days ago,"Temporarily Remote in San Francisco, CA",Agama Solutions
PROGRAM ANALYST,"$81,216 - $124,764 a year",Posted 9 days ago,Remote,US Patent and Trademark Office
Customer Service Representative,$13.50 an hour,Posted 7 days ago,"Lewisville, TX 75067",Indeed Flex
WAREHOUSE WORKER,"$3,120 - $4,806 a month",Posted 26 days ago,,California State University
Part-Time Customer Service Based Phone/Chat Agent,$18.50 an hour,Posted 5 days ago,"Oklahoma City, OK",Costco Wholesale Member Service Center
Machine Operator,$28 - $32 an hour,Posted 29 days ago,"Salt Lake City, UT",Cargill
Remote Employee Experience,,Posted 8 days ago,"Remote in Austin, TX","Osano, Inc., A Public Benefit Corporation"
Truck Unloader,From $16.50 an hour,Posted 5 days ago,,Wegmans Food Markets
Entry Level Customer Service and Data Entry,$14 - $16 an hour,Posted 6 days ago,"Plain City, OH 43064",A2Z Field Services
Electrician,From $35 an hour,Posted 13 days ago,"Kansas City, KS",Cargill
Graphic Designer,"From $55,000 a year",Posted 6 days ago,Remote,Health Advocate
Mortgage UAT Tester,"$56,600 - $107,000 a year",Posted 7 days ago,Remote,Fifth Third Bank
NYFF Production Coordinator,"$1,000 a week",Posted 30+ days ago,,FILM AT LINCOLN CENTER INC
Production Coordinator,"$56,160 - $84,240 a year",Posted 15 days ago,,The North Face
Process Associate,,Posted 30+ days ago,"Remote in Reno, NV",Infosys
Data Technician (Remote),,Posted 13 days ago,"Remote in Boston, MA",Raptor Maps
Operations Associate,,Posted 6 days ago,Remote,Protect Democracy
Freelance Designer (PPT),,Posted 30+ days ago,Remote,Mix Talent LLC
Consulting Director- Clinical Documentation Improvement,"$117,600 - $175,050 a year",Posted 30+ days ago,Remote,"Vizient, Inc."
Junior QA Tester,,Posted 14 days ago,Remote,Kaizen Technologies
Resume Writer (part or full time),"$1,500 - $3,000 a month",Posted 6 days ago,Remote,TopStack Resume
TENICA Open Position,,Posted 6 days ago,Remote,TENICA and Associates LLC
"Enterprise Service Manager, ProServe AABG","From $122,300 a year",Today,,"Amazon Web Services, Inc."
"Chief of Staff, Policy and Evaluation Practice","$140,000 a year",Posted 8 days ago,,Bellwether Education Partners
"Consulting Director, Value Based Care-Sg2","$117,600 - $175,050 a year",Posted 11 days ago,Remote,"Vizient, Inc."
Chief of Staff,,Posted 6 days ago,Remote,Bucket Listers
Cybersecurity Analyst (Remote),"$80,000 - $130,000 a year",Posted 30+ days ago,,Home Depot / THD
Tester Analyst,,Posted 7 days ago,Remote,Capgemini
Color & Retouching Operator,,Posted 1 day ago,"Remote in San Francisco, CA 94107",SGK
Assistant Project Manager (Healthcare),,Posted 30+ days ago,Remote,"Professional Research Consultants, Inc"
Consulting Manager - Remote,,Posted 15 days ago,,Cushman & Wakefield
Consulting Professors,,Posted 30+ days ago,Remote,Saylor Academy
Freelance Writer,"From $7,000 a month",,,Compose.ly
Freelance Content Writer,$45 - $50 an hour,,,ShoutVox
Copywriter,,Posted 30+ days ago,"Santa Monica, CA 90404",Hulu
Freelance SEO Content Brief Creator,From $20 an hour,,Remote,Compose.ly
Food and Grocery News Writer,$21 an hour,,Remote,Static Media
Article Writers,,Posted 30+ days ago,Remote,Team Dignitas
Freelance Writer,,,Remote,Electric ride lab
Children's Storyteller / Script Writer,,Posted 30+ days ago,,Mystery.org
REMOTE – Writer [Contract] (Retro Studios),,Posted 30+ days ago,"Remote in Austin, TX",Nintendo of America Inc.
Assistant Buyer,,Posted 14 days ago,Remote,FRANCESCA'S
Writer,$23 an hour,Posted 27 days ago,Remote in United States,Bold.org
Freelance Food and Drink Writer,,Posted 30+ days ago,,OUTvoices
Writing Tutor - Part Time (Work From Home),,Posted 18 days ago,,Pearson
Content Associate,"$45,000 - $50,000 a year",Posted 11 days ago,Remote,Thunderfoot
Writer/Editor,$80 - $100 an hour,Posted 14 days ago,Remote,Economic Security Project
Administrative Assistant (Remote Home-Based Worker),"$50,000 - $55,000 a year",Today,Remote,Allstate
Contracts Manager,,Posted 19 days ago,Remote,Pinterest
Contracts Manager,"From $90,000 a year",Posted 18 days ago,,Axiom Law
Assistant General Counsel,,Posted 1 day ago,Remote,Boston Medical Center
Contracts Coordinator - Remote,,Posted 21 days ago,Remote,Magellan Health
Buyer - 40 Hrs,,Posted 12 days ago,Remote,Boston Medical Center
Unrepresented Casualty Adjuster - Remote,"$50,000 - $75,000 a year",Posted 30+ days ago,,Allstate
Senior Contracts Administrator (REMOTE),"$75,000 - $87,000 a year",Posted 4 days ago,,University of Colorado Medicine
Hospitality & Events Lead,,Posted 30+ days ago,"Secaucus, NJ 07094",the NBA
Commercial Property Desk Surveyor,,Posted 15 days ago,Remote,Aviva
Legal Contracts Manager,,Posted 18 days ago,"Remote in San Francisco, CA",Upwork
Principal-Technology Project/Program Management,"$105,000 - $210,100 a year",Posted 1 day ago,,AT&T
Provider Relations - Contract Manager,"$60,000 - $85,000 a year",Posted 4 days ago,Remote,CareCentrix
Specialist Pricing and Contracts,,Posted 1 day ago,,Viatris
"Contracts Manager, Federal - Remote",,Posted 21 days ago,,Magellan Health
"Supervisor, Warehouse","$60,000 - $75,000 a year",Posted 30+ days ago,"Windom, MN",The Toro Company
Warehouse Specialist,$26.38 an hour,Posted 4 days ago,"Lititz, PA",Johnson & Johnson
"COORDINATOR, INVENTORY","$91,103 - $174,563 a year",Posted 13 days ago,"Prince William County, VA",Prince William County Public Schools
Inventory Analyst,"$55,000 - $65,000 a year",Posted 30+ days ago,Remote,SupplyHouse
Inventory Job,Up to $18 an hour,Posted 13 days ago,"Deer Park, NY 11729",Saks Off 5th
Inventory Clerk Day Shift RKF,,Posted 7 days ago,,"FPL FOOD, LLC"
Food & Beverage Storekeeper - Glacier National Park,$14.65 an hour,Posted 14 days ago,"Columbia Falls, MT 59912",Xanterra Travel Collection
Part-time Inventory Assistant,$13 an hour,Posted 2 days ago,,Reynolds and Reynolds
Inventory Coordinator (Full Time) Starting at $16/HR,$16 an hour,Today,,McCoy's Building Supply
Cycle Counter,,Just posted,,Electrolux
Traffic Clerk,$19.90 an hour,Posted 4 days ago,,DHL
Seaside Retail Inventory Data Entry,,Posted 25 days ago,United States,Four Seasons
Warehouse Shipping and Receiving Clerk,,Posted 30+ days ago,,Inmar
Warehouse Operator - Tumwater,"$3,346 - $3,774 a month",Posted 18 days ago,,Washington State Patrol
Clerk - Inventory ERC,,Posted 13 days ago,"Atlanta, GA 30349",Coca-Cola Bottling UNITED
Stylist,Up to $19.25 an hour,30+ days ago,"Remote in San Francisco, CA",Stitch Fix
Sales/Designer,"$2,000 - $4,000 a month",30+ days ago,,Closets by Design
Assistant Buyer,,14 days ago,Remote,FRANCESCA'S
Data Entry Assistant,$17.50 an hour,1 day ago,"Hybrid remote in Batavia, IL",ALDI
Hourly Warehouse Operations,From $21.25 an hour,30+ days ago,,TARGET
Cashier Customer Service - Reno,$17 an hour,11 days ago,,RC Willey
Crew,$17 - $20 an hour,1 day ago,,Trader Joe's
Overnight Cashier/Stocker,Up to $17 an hour,6 days ago,"Walcott, IA 52773",Iowa 80 Truckstop
Sales/Designer,"$3,000 - $5,000 a month",30+ days ago,,Closet World
Customer Service Specialist (Starting at $15/Hour) - Houston...,$15.00 - $18.05 an hour,Today,,REI
Floral Clerk,$21.01 an hour,4 days ago,,King Soopers
Full-Time Store Associate (New Store),$15.50 an hour,Today,,ALDI
Retail Sales Associate,$19.50 an hour,Today,,Road Runner Sports
Stocker/ Vending $700 a week,$700 a week,7 days ago,,Pepsi MidAmerica
Retail Sales Associate,,Today,,H&M
Surgery Schedulers- REMOTE,$21.36 - $23.34 an hour,1 day ago,,University of Colorado Medicine
Precertification and Authorization Rep I - Remote,$22.99 - $31.05 an hour,4 days ago,"Remote in Rochester, MN",Mayo Clinic
Customer Care Associate (Healthcare),From $16 an hour,6 days ago,,Health Advocate
Healthcare Data Analyst,,Just posted,,NAVIENT
Care Coordinator - UM,$17 an hour,14 days ago,Remote,CareCentrix
Telemedicine Physician,$90 - $120 an hour,30+ days ago,Remote,GoodRx
Virtual Healthcare Recruiter/1306046,,Today,Remote,PeopleScout
Intake Coordinator,,8 days ago,,"Ventra Health, Inc."
Healthcare Service Specialist,,,Remote,TruBridge
Administrative Manager-Overnights,,Today,,Hospital for Special Surgery
Billing Analyst,"$65,000 a year",28 days ago,Remote,Positive Development
DSP/CRMA Staff Relief- ALL SHIFTS,Up to $22.50 an hour,30+ days ago,Remote,New England Home Health Care
Cardiac Technician (Remote/Work from Home),,6 days ago,,iRhythm Technologies
Patient Experience Rep (Remote Monday-Friday 7:00 am-3:30pm),,21 days ago,,Boston Children's Hospital
Patient Navigator,,7 days ago,,Boston Children's Hospital
Risk Management Specialist - Remote,,Today,Remote in United States,Firefighters First Credit Union
Treaty and Regulatory Compliance Analyst,,30+ days ago,,Bai Inc
Risk Associate - Remote,"$72,633 - $101,691 a year",13 days ago,"Remote in Rochester, MN",Mayo Clinic
Healthcare Data Analyst,,Just posted,,NAVIENT
Associate Regulatory Analyst,$20 - $22 an hour,30+ days ago,,Simplifya
"Freelance Writer, Musculoskeletal Well-Being",,30+ days ago,,GoodRx
"Prep and Response PM, Amazon Care","$74,200 - $129,800 a year",5 days ago,United States,Amazon.com Services LLC
Clinical Trial Associate,,14 days ago,Remote,Agios Pharmaceuticals
Virtual Customer Care Professional,,12 days ago,,Amex
Emergency Mitigation Services Claim Handler,,Just posted,Remote,The Hartford
Regulatory Compliance Engineer,,30+ days ago,,Amazon.com Services LLC
Afterhours Service Travel Consultant,,4 days ago,Remote,American Express Global Business Travel
Quality Auditor,"$42,300 - $74,000 a year",18 days ago,,Amazon.com Services LLC
Regulatory Affairs Specialist (REMOTE),"$72,500 - $95,300 a year",30 days ago,,Zimmer Biomet
Regulatory Compliance Analyst (Remote),,15 days ago,,Aegon
Scheduling Clerk,$21 - $24 an hour,Posted 19 days ago,"Remote in Phoenix, AZ",ABB
Calling representative,$19 - $24 an hour,Posted 5 days ago,,Company Grow LLC
Warehouse Package Handler,Up to $16.25 an hour,Posted 2 days ago,,FedEx Ground PH US
Remote Scheduling Specialist- Birmingham-Patient Access Cent...,,Posted 27 days ago,,Grandview Medical Center
Truck Unloader,From $16.50 an hour,Posted 5 days ago,,Wegmans Food Markets
Patient Experience Rep (Remote Monday-Friday 7:00 am-3:30pm),,Posted 21 days ago,,Boston Children's Hospital
Temporary Covid 19 Coordinator,$17.50 an hour,Today,,Entertainment Partners
Flight Attendant,$19.57 - $24.71 an hour,,,Endeavor Air
"Patient Financial Advisor, Scheduling - REMOTE",,Posted 27 days ago,,Adventist HealthCare
Senior Customer Service Representative - Remote,,Today,,Optum
Patient Registrar - Full Time,,Posted 3 days ago,,NewYork-Presbyterian Hospital
Call center representative,$19 - $24 an hour,Posted 5 days ago,"Matthews, NC 28105",Company Grow LLC
Education Administration Coordinator - Remote,$21.64 - $31.23 an hour,Posted 1 day ago,,Mayo Clinic
Call Center Representative (work from home - any state),$15 - $18 an hour,Posted 30+ days ago,,Advantage Health Centers
Freelance Fit Model,$25 an hour,Posted 30+ days ago,"New York, NY",Quad
Construction Worker,$22 an hour,30+ days ago,,STRUCTURAL
Construction Laborer,$18 - $27 an hour,11 days ago,,Skilled Trades Partners
Concrete Laborer - Up to $35/Hour,Up to $35 an hour,30+ days ago,,STRUCTURAL
Construction Workers,,6 days ago,"Goodfield, IL 61742",Homeway Homes
Construction Laborers,Up to $25 an hour,30+ days ago,,STRUCTURAL TECHNOLOGIES
ELECTRICIAN HELPER,"$4,105 a month",10 days ago,,State of Hawaii
Construction Laborer,,1 day ago,"Hybrid remote in New York, NY 10259",AECOM
Construction Project Manager,,Just posted,,Ferguson
Entry Level Construction Project Engineer,,1 day ago,,STRUCTURAL TECHNOLOGIES / VSL
LABORER,"$3,120 - $5,048 a month",26 days ago,,California State University
ELECTRICIAN,"$5,742 - $7,414 a month",30+ days ago,,California State University
"Construction Workers, Full-Time",From $20 an hour,Active 19 days ago,,Kit Custom Homebuilders
Entry Level Construction Project Engineer,,30+ days ago,,PULLMAN
Construction Laborer - $24-$29/Hour,$24 - $29 an hour,2 days ago,,The American Fence Company
Construction Worker/Laborers,$18 - $22 an hour,30+ days ago,"Plant City, FL 33563","Palm Harbor Homes, Inc. (Delaware)"
"Operations Associate - Logistics (Part-time, Days)",$24 an hour,30+ days ago,"Remote in New York, NY",Sharebite
Dispatchers and Assistants.,$15 - $18 an hour,Today,,Select Express & Logistics
Associate Project Manager - Tech Supply Chain (Remote),"$60,000 - $130,000 a year",Today,,Home Depot / THD
"Analyst, Supply Chain Logistics (Remote)",,18 days ago,,MIRROR
International Logistics Coordinator,,10 days ago,Remote,Leggett & Platt
Cycle Counter,,Just posted,,Electrolux
Logistics Concierge (2022-4241),,Today,Remote in United States,"Cox Enterprises, Inc."
Logistics Management Staff - GCSS-A - DPAS - Special Operati...,,5 days ago,,LOCKHEED MARTIN CORPORATION
Logistics Coordinator,,12 days ago,,Pacsun
Logistics Program Manager,,30+ days ago,,Google
Logistics Analyst WORK,,7 days ago,"Remote in Los Angeles, CA",BairesDev
Logistics Assistant,,Today,,King David Tacos
"Manager, Gaming for Inclusion Tournament Logistics",,Today,"Remote in Washington, DC","Special Olympics, Inc."
Traffic Clerk,$19.90 an hour,4 days ago,,DHL
Transportation Dispatcher,,30+ days ago,,Swoop
"REMOTE: Customer Care Associate - 3rd Shift (Sun-Thurs, 12am...",$24.20 an hour,29 days ago,Remote,The Meet Group
Customer Service Representative - Part Time - 19.64/HR,$19.64 - $33.30 an hour,30+ days ago,,United Airlines Inc.
Mobile QA Engineer,$60 an hour,30+ days ago,,Agama Solutions
Amazon Sortation Center Warehouse Associate,,5 days ago,,Amazon HVH
Telephone Survey Interviewers - Work from Home,$10 - $14 an hour,30+ days ago,,Nichols Research
Machine Operator,$28 - $32 an hour,29 days ago,"Salt Lake City, UT",Cargill
TikTok & Reels Content Creator,$20 - $25 an hour,30+ days ago,"Remote in Long Beach, CA 90802",Margaux Agency
Sales & Reservations Agent (Part Time),$17 - $20 an hour,21 days ago,,U-Haul
Content Safety Moderation Specialist (PHOENIX),,30+ days ago,"Phoenix, AZ",TikTok
"Project Employee, Customer Support Operations",,7 days ago,,the NBA
Electrician,From $35 an hour,13 days ago,"Kansas City, KS",Cargill
Call Center Sales Chat Representative,"$35,000 - $80,000 a year",Active 8 days ago,,OneTouch Direct
Customer Service Representative - No Weekends,$17.00 - $18.50 an hour,1 day ago,,Matco
Junior Pen Tester,,30+ days ago,Remote,Cadence Consulting Corporation
"Remote Volunteers, Zoom Team Support",,1 day ago,Remote,Smithsonian Associates
Resilience Expert,,19 days ago,Remote,United Nations Development Programme (UNDP)
"Front End Engineer I, Amazon Kids+ Parent Dashboard",,1 day ago,,Amazon.com Services LLC
Application Developer (C language),"$79,994 a year",12 days ago,,"General Dynamics Mission Systems, Inc"
Systems Software Engineer at Vertica (REMOTE / WORK FROM HOM...,,30+ days ago,Remote in Delaware,Vertica
C/Unix Developer,,2 days ago,,Qcentrio
56904,"$177,000 - $210,000 a year",30+ days ago,"Remote in Kent, WA",Zachary Piper Solutions LLC
Remote Software Engineer (C++),"$125,000 - $140,000 a year",Today,Remote,Piper Companies
"Staff Software Engineer, C-Language",,30+ days ago,,Zscaler
"Software Quality Assurance Engineer, Fire Tablet Launcher Te...","$113,900 - $160,000 a year",30+ days ago,,Amazon.com Services LLC
Erlang Engineer,,30+ days ago,Remote,Couchbase
Support Engineer,"$58,700 - $102,700 a year",30+ days ago,,Amazon.com Services LLC
Postdoctoral Fellow,,13 days ago,,MD Anderson Cancer Center
"Software Engineer, Unity",,30+ days ago,"Remote in Palo Alto, CA",Osmo
Postdoctoral Research Associate,,30+ days ago,"College Station, TX",Texas A&M University
"General Hiring: Software Engineer, TikTok Product Engineerin...",,30+ days ago,,TikTok
Customer Service Representative - Bilingual required,$16.50 an hour,7 days ago,,Indeed Flex
4-Day Work Week - up to $19/hour- Warehouse Stocking,Up to $19 an hour,4 days ago,"Post Falls, ID 83854",Orgill
Data Entry / Clerk,,30+ days ago,"Manhattan, NY",YAI/National Institute for People with...
Customer Service Work From Home Agent (Petalura),Up to $17 an hour,6 days ago,"Remote in Brunswick, ME 04011",SaviLinx
Customer Experience Associate (Overnight),,30+ days ago,,Sharebite
Customer Service Representative,$19.75 an hour,1 day ago,,DHL
Claim Specialist - Work From Home,$24.45 - $28.00 an hour,30 days ago,,State Farm
Customer Solutions Specialist (Remote),$25.70 an hour,2 days ago,,"Webstaurant Store, Inc."
Assembler (NMO),$17.70 an hour,30+ days ago,"Newberry, SC 29108",Komatsu
Workforce Scheduling Specialist,,Just posted,Georgia,Electrolux
DATA ENTRY CLERK,$11.99 an hour,30+ days ago,"City of Jackson, MS","City of Jackson, MS"
Patient Support Desk Analyst (Remote),$25 an hour,6 days ago,Remote in United States,Workforce Opportunity Services
Customer Support Technician (100% Remote),,7 days ago,,Sun Life
Customer Service Advocate - Work from Home,,1 day ago,,UnitedHealthcare
Customer Service Representative - Remote,,14 days ago,,Blue Cross Blue Shield of Arizona
Machine Operator,$16 an hour,11 days ago,,Indeed Flex
Document Controls Manager - PAR0021,"$80,000 - $101,000 a year",30+ days ago,"New York, NY",SNC-Lavalin
Data Control Specialist,,11 days ago,Remote,TruBridge
Controls Analysts,,Today,,Vox Financial Partners
Residential Electrical Service Technician,"$50,000 - $90,000 a year",29 days ago,"Sarasota, FL 34243",Best Home Services
Process and Controls Manager,,9 days ago,,The Coca-Cola Company
Controls & Automation Engineer,,Just posted,"Springfield, TN",Electrolux
Controls and Automation Manager,,Just posted,"Springfield, TN",Electrolux
Financial Analyst (Financial Information System Controls),"$72,750 a year",30+ days ago,"Washington, DC",Administrative Office of the U.S. Courts
Controls Installer/helper,$18 - $25 an hour,Just posted,"Nashville, TN",Maynard Select
Aero Instrumentation & Controls Technician IV,,30+ days ago,Remote,FieldCore
2022 Entry Level Engineer - Flight Controls,,30+ days ago,"Fort Worth, TX",Bell Textron Inc.
Autoflight Controls Engineer,"$113,500 - $207,500 a year",12 days ago,"Remote in Mountain View, CA 94043",Reliable Robotics
Cybersecurity Analyst- Controls Assessments,"$80,000 - $130,000 a year",4 days ago,,Home Depot / THD
"Audio Description, Quality Control Technician - Freelance",,30+ days ago,,Deluxe Media
(Junior) UX/UI Designer,,30+ days ago,Remote,GoStudent GmbH
UX/UI Designer,,13 days ago,Remote,Anoma
UI / UX Developer,,Just posted,"West Babylon, NY",eSales Technologies
UX / UI Designer [REMOTE],$80 - $100 an hour,Today,,Braintrust
UI/UX Accessibility Specialist,,30+ days ago,Remote,Files.com
UI/UX Designer,,30+ days ago,Remote,Yoko
UX/UI Designer- 100% Remote,"$69,238 - $107,309 a year",5 days ago,Remote in Pennsylvania,Radian
UX/UI Developer,,30+ days ago,Remote,VSolvit LLC
2D UI Artist,,14 days ago,Remote,G5 Entertainment
UX UI Designer,,Today,"Westchester, IL 60154","IAA, Inc."
UI/X Lead,,1 day ago,Remote,expondo GmbH
UI/UX Designer,,30+ days ago,Remote,NeoReach
UI/UX Designer,,30+ days ago,,OtterTune
UI Artist,,30+ days ago,Remote in California,Funovus
UI/UX Designer,,21 days ago,Remote,Ensemble Health Partners
"Extension Educator, 4-H Youth Development",,1 day ago,,Oklahoma State University
"Facilities Management & Services Worker II (Prescott Valley,...",$20 an hour,30+ days ago,"Prescott Valley, AZ",University of Arizona
"Director, Cooperative Extension",,30+ days ago,"Tucson, AZ",University of Arizona
"Associate Director, Programs, Family and Consumer Health Sci...",,30+ days ago,"Tucson, AZ",University of Arizona
County Agent III (Assistant Professor) Commercial Agricultur...,,21 days ago,,Rutgers University
